_key,window_idx,bucket_low_pct,bucket_high_pct,percentile_rank,pathwise_loss,endpoint_return,start_unix,end_unix,start_iso,end_iso,start_block,end_block,num_blocks
0,0,0,10,0.06783480063128672,-1.1200472216366109e-07,0.005065861576724062,1765772820,1765776420,2025-12-15T04:27:00Z,2025-12-15T05:27:00Z,24015609,24015905,297
1,1,0,10,0.9100416421060638,0.0,0.009182586495290135,1717377540,1717381140,2024-06-03T01:19:00Z,2024-06-03T02:19:00Z,20007968,20008266,299
2,2,0,10,1.0570249662489781,0.0,0.004847202986692389,1729030080,1729033680,2024-10-15T22:08:00Z,2024-10-15T23:08:00Z,20973845,20974143,299
3,3,0,10,1.3309311479150425,0.0,0.0011493588870978844,1749905640,1749909240,2025-06-14T12:54:00Z,2025-06-14T13:54:00Z,22702921,22703220,300
4,4,0,10,2.0628054229811186,1.0494409463657206e-07,0.003118098941922165,1735220220,1735223820,2024-12-26T13:37:00Z,2024-12-26T14:37:00Z,21486981,21487278,298
5,5,0,10,2.7465726074803674,2.4734304104878646e-07,0.004200626866203372,1650625500,1650629100,2022-04-22T11:05:00Z,2022-04-22T12:05:00Z,14634290,14634554,265
6,6,0,10,3.1024795117035233,3.647892301561484e-07,0.007985965828733566,1655019240,1655022840,2022-06-12T07:34:00Z,2022-06-12T08:34:00Z,14948971,14949200,230
7,7,0,10,3.3664505333612214,2.574467971472316e-06,0.00629645553190783,1762480140,1762483740,2025-11-07T01:49:00Z,2025-11-07T02:49:00Z,23744220,23744515,296
8,8,0,10,3.4534426042478747,8.089725350157728e-06,0.0009428207180808279,1685905560,1685909160,2023-06-04T19:06:00Z,2023-06-04T20:06:00Z,17409197,17409493,297
9,9,0,10,3.820663231351372,3.026540714012871e-05,0.0042744767497957525,1767128040,1767131640,2025-12-30T20:54:00Z,2025-12-30T21:54:00Z,24127959,24128258,300
10,10,0,10,3.8364453994029395,3.108391958894785e-05,0.00607010667224106,1708581300,1708584900,2024-02-22T05:55:00Z,2024-02-22T06:55:00Z,19281213,19281506,294
11,11,0,10,4.181751630507121,4.7918155436255105e-05,0.0006499508772477292,1756376700,1756380300,2025-08-28T10:25:00Z,2025-08-28T11:25:00Z,23239005,23239304,300
12,12,0,10,4.241219980605047,5.050247424065457e-05,0.001231854321425585,1701594060,1701597660,2023-12-03T09:01:00Z,2023-12-03T10:01:00Z,18704836,18705133,298
13,13,0,10,4.609581487326729,6.712873613368142e-05,0.001476378622400576,1678271580,1678275180,2023-03-08T10:33:00Z,2023-03-08T11:33:00Z,16782971,16783263,293
14,14,0,10,4.966676807818828,8.288453242755178e-05,0.0059291553021527665,1724047860,1724051460,2024-08-19T06:11:00Z,2024-08-19T07:11:00Z,20560797,20561095,299
15,15,0,10,5.179688539864236,9.187981127389833e-05,0.003015996192368142,1732942200,1732945800,2024-11-30T04:50:00Z,2024-11-30T05:50:00Z,21298216,21298512,297
16,16,0,10,5.576429427088285,0.00010779092020019032,0.007300192909240444,1708080000,1708083600,2024-02-16T10:40:00Z,2024-02-16T11:40:00Z,19239923,19240221,299
17,17,0,10,5.997461542849537,0.00012566864102714348,0.001971681579190143,1740892560,1740896160,2025-03-02T05:16:00Z,2025-03-02T06:16:00Z,21957031,21957329,299
18,18,0,10,6.21746116255633,0.00013481328360220868,0.0022513818361569182,1716194820,1716198420,2024-05-20T08:47:00Z,2024-05-20T09:47:00Z,19910039,19910335,297
19,19,0,10,6.4010477077827,0.00014253884750725643,0.0023172960115966923,1695897060,1695900660,2023-09-28T10:31:00Z,2023-09-28T11:31:00Z,18233651,18233948,298
20,20,0,10,7.406352798007264,0.00018341571406110813,0.001523115687424914,1650946500,1650950100,2022-04-26T04:15:00Z,2022-04-26T05:15:00Z,14658006,14658289,284
21,21,0,10,7.50565686144017,0.00018744152979988105,0.0024953212142355685,1760770020,1760773620,2025-10-18T06:47:00Z,2025-10-18T07:47:00Z,23602841,23603136,296
22,22,0,10,7.619744823258732,0.00019212237530552567,0.001528197672176157,1759605900,1759609500,2025-10-04T19:25:00Z,2025-10-04T20:25:00Z,23506482,23506781,300
23,23,0,10,8.051995588598809,0.0002096815575303168,0.0015618671296155906,1688349960,1688353560,2023-07-03T02:06:00Z,2023-07-03T03:06:00Z,17610372,17610671,300
24,24,0,10,8.31824836949288,0.00022091690208181358,0.010298911282731416,1664861820,1664865420,2022-10-04T05:37:00Z,2022-10-04T06:37:00Z,15672734,15673028,295
25,25,0,10,8.355754786940732,0.00022245798966424868,0.00012106848283632843,1675593180,1675596780,2023-02-05T10:33:00Z,2023-02-05T11:33:00Z,16562015,16562310,296
26,26,0,10,8.451065771709988,0.00022639821149927908,0.004315518989768785,1663004460,1663008060,2022-09-12T17:41:00Z,2022-09-12T18:41:00Z,15522172,15522447,276
27,27,0,10,9.073272993477971,0.0002520776501315769,0.0054863694043232325,1721723100,1721726700,2024-07-23T08:25:00Z,2024-07-23T09:25:00Z,20368018,20368317,300
28,28,0,10,9.32298301990835,0.00026236234257692725,0.009367398636547675,1721940120,1721943720,2024-07-25T20:42:00Z,2024-07-25T21:42:00Z,20386018,20386314,297
29,29,0,10,9.784896655321253,0.00028161473303500717,0.0025140664103207033,1676870400,1676874000,2023-02-20T05:20:00Z,2023-02-20T06:20:00Z,16667643,16667938,296
30,30,10,20,10.18862543020669,0.0002981283729051043,0.006046997742389593,1733098980,1733102580,2024-12-02T00:23:00Z,2024-12-02T01:23:00Z,21311221,21311519,299
31,31,10,20,10.395790154208894,0.0003062447916701849,0.0026291015284884978,1687515960,1687519560,2023-06-23T10:26:00Z,2023-06-23T11:26:00Z,17541662,17541958,297
32,32,10,20,10.931242988344012,0.00032813966534084305,0.0026173830082569793,1742982360,1742985960,2025-03-26T09:46:00Z,2025-03-26T10:46:00Z,22130270,22130568,299
33,33,10,20,11.35888269856059,0.00034573332227827436,0.00020337254251656667,1666456680,1666460280,2022-10-22T16:38:00Z,2022-10-22T17:38:00Z,15804890,15805188,299
34,34,10,20,11.576362875777225,0.00035449791362607286,0.007257896375336026,1769537460,1769541060,2026-01-27T18:11:00Z,2026-01-27T19:11:00Z,24327877,24328175,299
35,35,10,20,11.789992584282482,0.00036361806918105977,0.0037395759061393807,1681961760,1681965360,2023-04-20T03:36:00Z,2023-04-20T04:36:00Z,17085110,17085398,289
36,36,10,20,11.887490254986595,0.0003676643120169576,0.004130062010013091,1697840880,1697844480,2023-10-20T22:28:00Z,2023-10-20T23:28:00Z,18394516,18394814,299
37,37,10,20,11.942395086611777,0.0003699181626187764,3.299894402175596e-07,1689506640,1689510240,2023-07-16T11:24:00Z,2023-07-16T12:24:00Z,17705533,17705828,296
38,38,10,20,12.652592648932327,0.00039911527828184745,0.005395015687852389,1719363960,1719367560,2024-06-26T01:06:00Z,2024-06-26T02:06:00Z,20172468,20172766,299
39,39,10,20,13.166036013766613,0.00042026007084539074,0.0013046879811322576,1673470260,1673473860,2023-01-11T20:51:00Z,2023-01-11T21:51:00Z,16386062,16386357,296
40,40,10,20,13.456817706451673,0.00043226426147013886,0.0025074711187096366,1757490360,1757493960,2025-09-10T07:46:00Z,2025-09-10T08:46:00Z,23331287,23331584,298
41,41,10,20,13.601756954612007,0.0004382883349413058,0.0009630285325599175,1764754680,1764758280,2025-12-03T09:38:00Z,2025-12-03T10:38:00Z,23932074,23932371,298
42,42,10,20,13.687370462626685,0.0004417609515021681,0.0026117422036542326,1703256300,1703259900,2023-12-22T14:45:00Z,2023-12-22T15:45:00Z,18842064,18842358,295
43,43,10,20,14.01941396816946,0.00045515291201003727,3.389436578804528e-05,1672528620,1672532220,2022-12-31T23:17:00Z,2023-01-01T00:17:00Z,16307975,16308273,299
44,44,10,20,14.19663060219429,0.00046223470773509856,0.0020310227192790187,1750826640,1750830240,2025-06-25T04:44:00Z,2025-06-25T05:44:00Z,22779144,22779442,299
45,45,10,20,14.733509535852141,0.00048455011831649575,0.0019878860148667687,1705450560,1705454160,2024-01-17T00:16:00Z,2024-01-17T01:16:00Z,19022970,19023268,299
46,46,10,20,15.066313627807041,0.0004981815266736911,0.004536162725937931,1736503020,1736506620,2025-01-10T09:57:00Z,2025-01-10T10:57:00Z,21593324,21593622,299
47,47,10,20,15.171987602441483,0.0005023520016835814,0.004768856491018436,1717182420,1717186020,2024-05-31T19:07:00Z,2024-05-31T20:07:00Z,19991796,19992092,297
48,48,10,20,15.698360936281874,0.0005240815470887172,0.0006026937791521192,1731162660,1731166260,2024-11-09T14:31:00Z,2024-11-09T15:31:00Z,21150708,21151005,298
49,49,10,20,15.88826985605902,0.0005316948898546059,0.0006857485388880313,1671376200,1671379800,2022-12-18T15:10:00Z,2022-12-18T16:10:00Z,16212382,16212681,300
50,50,10,20,16.51727481888536,0.0005576033602232577,0.0014503303963726566,1714018440,1714022040,2024-04-25T04:14:00Z,2024-04-25T05:14:00Z,19729926,19730222,297
51,51,10,20,16.716500922211026,0.0005657142857143915,0.003966218487394979,1723510080,1723513680,2024-08-13T00:48:00Z,2024-08-13T01:48:00Z,20516221,20516517,297
52,52,10,20,16.79023026753627,0.0005687234134573727,0.00043556721306114987,1691778300,1691781900,2023-08-11T18:25:00Z,2023-08-11T19:25:00Z,17893418,17893717,300
53,53,10,20,17.24596413835067,0.0005875024375806559,0.0027638604389532695,1726274220,1726277820,2024-09-14T00:37:00Z,2024-09-14T01:37:00Z,20745318,20745614,297
54,54,10,20,17.377973417504897,0.0005928654225855201,0.004872731302914879,1694689560,1694693160,2023-09-14T11:06:00Z,2023-09-14T12:06:00Z,18134112,18134410,299
55,55,10,20,17.399507520298148,0.0005937645814263481,0.0023591486168645925,1742066940,1742070540,2025-03-15T19:29:00Z,2025-03-15T20:29:00Z,22054376,22054674,299
56,56,10,20,17.495198798273467,0.0005976864358121503,0.001753997910450611,1661000820,1661004420,2022-08-20T13:07:00Z,2022-08-20T14:07:00Z,15377774,15378039,266
57,57,10,20,17.629204616759523,0.0006028908558455282,0.0008611620188829772,1694321820,1694325420,2023-09-10T04:57:00Z,2023-09-10T05:57:00Z,18103735,18104031,297
58,58,10,20,18.422401171303076,0.0006355377468079126,0.010943570895289412,1678990620,1678994220,2023-03-16T18:17:00Z,2023-03-16T19:17:00Z,16842132,16842427,296
59,59,10,20,19.05511399288852,0.0006615010986468217,0.0012053313287845313,1717901760,1717905360,2024-06-09T02:56:00Z,2024-06-09T03:56:00Z,20051422,20051720,299
60,60,20,30,20.250042782985684,0.000709921223114307,0.0018081695830300948,1701921960,1701925560,2023-12-07T04:06:00Z,2023-12-07T05:06:00Z,18731925,18732223,299
61,61,20,30,20.298197410203265,0.0007118282121247876,0.0007736048008022411,1747197600,1747201200,2025-05-14T04:40:00Z,2025-05-14T05:40:00Z,22479101,22479395,295
62,62,20,30,20.809168869198153,0.0007324314818073496,-0.0004930353426755296,1759832100,1759835700,2025-10-07T10:15:00Z,2025-10-07T11:15:00Z,23525217,23525514,298
63,63,20,30,21.001882451370008,0.0007403997191612888,-0.0007400278458720155,1697290680,1697294280,2023-10-14T13:38:00Z,2023-10-14T14:38:00Z,18348967,18349261,295
64,64,20,30,21.267659865756496,0.0007517283004297992,0.0018545399251541639,1701428400,1701432000,2023-12-01T11:00:00Z,2023-12-01T12:00:00Z,18691126,18691423,298
65,65,20,30,21.37542545302428,0.0007562269719112447,0.0021238855951295488,1765283460,1765287060,2025-12-09T12:31:00Z,2025-12-09T13:31:00Z,23975234,23975530,297
66,66,20,30,21.663069726759332,0.0007682332667634517,-0.0005346566020311139,1693025460,1693029060,2023-08-26T04:51:00Z,2023-08-26T05:51:00Z,17996579,17996876,298
67,67,20,30,22.82477039797684,0.0008176594780157087,0.007190289961816143,1657144020,1657147620,2022-07-06T21:47:00Z,2022-07-06T22:47:00Z,15091499,15091769,271
68,68,20,30,23.00835694320321,0.0008252911857348222,0.00018812830503622813,1764530640,1764534240,2025-11-30T19:24:00Z,2025-11-30T20:24:00Z,23913548,23913846,299
69,69,20,30,23.047194386872278,0.0008268240533189086,0.0017740952366538387,1756289340,1756292940,2025-08-27T10:09:00Z,2025-08-27T11:09:00Z,23231767,23232063,297
70,70,20,30,23.050617025726837,0.0008269588889758817,-0.0007593716046694343,1730615460,1730619060,2024-11-03T06:31:00Z,2024-11-03T07:31:00Z,21105334,21105632,299
71,71,20,30,23.112081915156583,0.000829597524690584,0.003218838395799395,1653705360,1653708960,2022-05-28T02:36:00Z,2022-05-28T03:36:00Z,14857715,14857975,261
72,72,20,30,23.51186514802913,0.000846930766688625,0.0036048000660937607,1738915920,1738919520,2025-02-07T08:12:00Z,2025-02-07T09:12:00Z,21793358,21793655,298
73,73,20,30,23.667500142609953,0.0008535080217698665,0.0003522520356618042,1689950940,1689954540,2023-07-21T14:49:00Z,2023-07-21T15:49:00Z,17742215,17742511,297
74,74,20,30,23.92020497803807,0.000864213739455888,0.002569665539764454,1724416800,1724420400,2024-08-23T12:40:00Z,2024-08-23T13:40:00Z,20591357,20591654,298
75,75,20,30,24.407455648304843,0.0008847773468310116,-0.0007851310272255496,1758179340,1758182940,2025-09-18T07:09:00Z,2025-09-18T08:09:00Z,23388376,23388675,300
76,76,20,30,24.66976288718602,0.0008960358961556114,0.000972985543726379,1675412880,1675416480,2023-02-03T08:28:00Z,2023-02-03T09:28:00Z,16547060,16547355,296
77,77,20,30,25.130725789583767,0.0009162115141284621,-0.0003920113498354638,1748262060,1748265660,2025-05-26T12:21:00Z,2025-05-26T13:21:00Z,22566930,22567225,296
78,78,20,30,25.17270065220285,0.0009178240777769631,-0.0008541129551585813,1758977940,1758981540,2025-09-27T12:59:00Z,2025-09-27T13:59:00Z,23454492,23454789,298
79,79,20,30,25.991804681409363,0.000952898192949525,0.004966920114545248,1686183240,1686186840,2023-06-08T00:14:00Z,2023-06-08T01:14:00Z,17431974,17432267,294
80,80,20,30,26.14620372307049,0.0009596271163204717,-6.785934608266597e-05,1690824240,1690827840,2023-07-31T17:24:00Z,2023-07-31T18:24:00Z,17814461,17814760,300
81,81,20,30,26.56200680724839,0.0009780045542481242,0.001552753840232679,1648117920,1648121520,2022-03-24T10:32:00Z,2022-03-24T11:32:00Z,14448450,14448718,269
82,82,20,30,26.72415432298302,0.000984862917064122,0.01947441641072656,1652394720,1652398320,2022-05-12T22:32:00Z,2022-05-12T23:32:00Z,14763725,14763980,256
83,83,20,30,27.530090699929644,0.0010204653720480295,-0.0008526072672040419,1769285580,1769289180,2026-01-24T20:13:00Z,2026-01-24T21:13:00Z,24306968,24307267,300
84,84,20,30,27.557994713924433,0.001021771284356654,0.0005025924714860963,1651638300,1651641900,2022-05-04T04:25:00Z,2022-05-04T05:25:00Z,14708841,14709074,234
85,85,20,30,27.941140119031772,0.0010386589635286159,0.002151233188550483,1677584640,1677588240,2023-02-28T11:44:00Z,2023-02-28T12:44:00Z,16726439,16726734,296
86,86,20,30,28.211148295335704,0.0010505124797366427,0.010032934985851227,1765762200,1765765800,2025-12-15T01:30:00Z,2025-12-15T02:30:00Z,24014730,24015026,297
87,87,20,30,28.3945922306098,0.0010586360923867666,0.0016659062746644526,1761535380,1761538980,2025-10-27T03:23:00Z,2025-10-27T04:23:00Z,23666078,23666375,298
88,88,20,30,28.623528740659047,0.0010689060293017638,-0.00013935539060239144,1693719060,1693722660,2023-09-03T05:31:00Z,2023-09-03T06:31:00Z,18053897,18054196,300
89,89,20,30,29.871746116255633,0.0011246490948765286,0.0017655530206321934,1708647000,1708650600,2024-02-23T00:10:00Z,2024-02-23T01:10:00Z,19286632,19286928,297
90,90,30,40,30.46966210948641,0.0011513483783494038,0.0001744904230716049,1699057800,1699061400,2023-11-04T00:30:00Z,2023-11-04T01:30:00Z,18495114,18495411,298
91,91,30,40,30.751982278336598,0.001164266070218578,0.007678635204611206,1702903620,1702907220,2023-12-18T12:47:00Z,2023-12-18T13:47:00Z,18812968,18813264,297
92,92,30,40,31.422724420528226,0.0011951676121619847,0.0020832189469843776,1681102980,1681106580,2023-04-10T05:03:00Z,2023-04-10T06:03:00Z,17015611,17015905,295
93,93,30,40,31.70271529349128,0.0012082524565110164,-9.592233242516901e-05,1676111520,1676115120,2023-02-11T10:32:00Z,2023-02-11T11:32:00Z,16604942,16605238,297
94,94,30,40,31.726958985377728,0.0012092332354175506,0.002825425469715981,1748792100,1748795700,2025-06-01T15:35:00Z,2025-06-01T16:35:00Z,22610776,22611073,298
95,95,30,40,31.757192295259646,0.0012106402208958977,0.0008622302346219524,1755596400,1755600000,2025-08-19T09:40:00Z,2025-08-19T10:40:00Z,23174282,23174577,296
96,96,30,40,31.931794413492803,0.0012183773814642418,-0.0008328405213864354,1714023720,1714027320,2024-04-25T05:42:00Z,2024-04-25T06:42:00Z,19730363,19730661,299
97,97,30,40,32.10306896617292,0.0012264395242587156,-0.0005733126167619673,1751744580,1751748180,2025-07-05T19:43:00Z,2025-07-05T20:43:00Z,22855174,22855467,294
98,98,30,40,32.13230400638892,0.0012278566662525803,0.0010327725226475515,1710696180,1710699780,2024-03-17T17:23:00Z,2024-03-17T18:23:00Z,19456024,19456321,298
99,99,30,40,32.226997014698334,0.0012320729795953778,0.0015713524432379167,1769638500,1769642100,2026-01-28T22:15:00Z,2026-01-28T23:15:00Z,24336265,24336561,297
100,100,30,40,32.344507615371455,0.0012377015826225968,0.001059165002660123,1689158220,1689161820,2023-07-12T10:37:00Z,2023-07-12T11:37:00Z,17676929,17677226,298
101,101,30,40,33.30883611264285,0.0012823949708535842,0.0011051283478324958,1736585280,1736588880,2025-01-11T08:48:00Z,2025-01-11T09:48:00Z,21600145,21600441,297
102,102,30,40,33.62219771443783,0.0012971643224872764,-0.0012971643224872764,1750286280,1750289880,2025-06-18T22:38:00Z,2025-06-18T23:38:00Z,22734400,22734697,298
103,103,30,40,33.86382651023939,0.0013087428830705905,0.004563679142997934,1712656260,1712659860,2024-04-09T09:51:00Z,2024-04-09T10:51:00Z,19617309,19617603,295
104,104,30,40,34.98041489988781,0.0013614440025081498,0.0024413199269681662,1762397520,1762401120,2025-11-06T02:52:00Z,2025-11-06T03:52:00Z,23737381,23737676,296
105,105,30,40,35.58432051111407,0.0013904962702386836,-0.0010438748266893283,1673431860,1673435460,2023-01-11T10:11:00Z,2023-01-11T11:11:00Z,16382888,16383187,300
106,106,30,40,35.62125648875283,0.0013923253607186492,0.0012752636106454496,1679465220,1679468820,2023-03-22T06:07:00Z,2023-03-22T07:07:00Z,16881250,16881543,294
107,107,30,40,35.85204692818163,0.001403266128648939,-1.7228923679502017e-05,1671767760,1671771360,2022-12-23T03:56:00Z,2022-12-23T04:56:00Z,16244864,16245162,299
108,108,30,40,36.11620809644236,0.0014162369163962518,0.00015915292982615625,1677872340,1677875940,2023-03-03T19:39:00Z,2023-03-03T20:39:00Z,16750106,16750401,296
109,109,30,40,36.12310091080223,0.0014165308185937198,-0.0005649484440589658,1758159360,1758162960,2025-09-18T01:36:00Z,2025-09-18T02:36:00Z,23386718,23387017,300
110,110,30,40,37.49082542640376,0.0014832664669723883,0.000665390564623225,1723594680,1723598280,2024-08-14T00:18:00Z,2024-08-14T01:18:00Z,20523238,20523534,297
111,111,30,40,38.012159875263826,0.001509017618924413,0.007382045175552188,1727051100,1727054700,2024-09-23T00:25:00Z,2024-09-23T01:25:00Z,20809688,20809986,299
112,112,30,40,38.13656329029682,0.0015153026900269762,0.0014114428984115523,1670663460,1670667060,2022-12-10T09:11:00Z,2022-12-10T10:11:00Z,16153320,16153618,299
113,113,30,40,38.4259664201099,0.0015297352424641364,0.0003251573609148739,1746792120,1746795720,2025-05-09T12:02:00Z,2025-05-09T13:02:00Z,22445785,22446079,295
114,114,30,40,38.61264284763553,0.0015391572427609912,0.0045196970699823424,1715614380,1715617980,2024-05-13T15:33:00Z,2024-05-13T16:33:00Z,19862015,19862313,299
115,115,30,40,38.62852008898861,0.0015399618008704596,-0.00027912921188166795,1671672600,1671676200,2022-12-22T01:30:00Z,2022-12-22T02:30:00Z,16236963,16237261,299
116,116,30,40,38.669401608640264,0.0015420959869444362,-0.0007694833970993686,1729943280,1729946880,2024-10-26T11:48:00Z,2024-10-26T12:48:00Z,21049596,21049894,299
117,117,30,40,39.00567587610047,0.0015593256114614373,0.0012767473153743047,1651406880,1651410480,2022-05-01T12:08:00Z,2022-05-01T13:08:00Z,14691870,14692151,282
118,118,30,40,39.19800916506627,0.0015690125337751715,0.001762238541735739,1765514760,1765518360,2025-12-12T04:46:00Z,2025-12-12T05:46:00Z,23994273,23994569,297
119,119,30,40,39.33172976364777,0.0015757953484641929,-9.413312735062629e-05,1691728500,1691732100,2023-08-11T04:35:00Z,2023-08-11T05:35:00Z,17889292,17889591,300
120,120,40,50,40.484921374379645,0.0016351754919015082,0.00470063725372416,1737099240,1737102840,2025-01-17T07:34:00Z,2025-01-17T08:34:00Z,21642751,21643047,297
121,121,40,50,40.61788138654903,0.0016420064171172033,0.003912975043396827,1735009320,1735012920,2024-12-24T03:02:00Z,2024-12-24T04:02:00Z,21469519,21469817,299
122,122,40,50,40.637894316518036,0.0016430790365214998,0.0009187723599788367,1651038000,1651041600,2022-04-27T05:40:00Z,2022-04-27T06:40:00Z,14664696,14664934,239
123,123,40,50,40.649398186001406,0.001643633398838551,-0.001456510915663789,1696035840,1696039440,2023-09-30T01:04:00Z,2023-09-30T02:04:00Z,18245122,18245421,300
124,124,40,50,40.75654579680934,0.0016488917442981643,-0.0009362886818717886,1732692660,1732696260,2024-11-27T07:31:00Z,2024-11-27T08:31:00Z,21277610,21277908,299
125,125,40,50,40.81782053963606,0.001652105970502249,0.006030242386707796,1721059320,1721062920,2024-07-15T16:02:00Z,2024-07-15T17:02:00Z,20312974,20313272,299
126,126,40,50,41.23214998764047,0.0016739515012342832,0.002036140006800302,1656441060,1656444660,2022-06-28T18:31:00Z,2022-06-28T19:31:00Z,15041016,15041268,253
127,127,40,50,41.46465174649655,0.0016861471900885272,0.002534683465014176,1678254840,1678258440,2023-03-08T05:54:00Z,2023-03-08T06:54:00Z,16781588,16781885,298
128,128,40,50,42.02444334581963,0.0017158708429467762,0.023443819183974757,1655292360,1655295960,2022-06-15T11:26:00Z,2022-06-15T12:26:00Z,14967250,14967478,229
129,129,40,50,42.763828411705425,0.0017553380839177013,-0.0011043862621639144,1684448820,1684452420,2023-05-18T22:27:00Z,2023-05-18T23:27:00Z,17289397,17289692,296
130,130,40,50,43.122777661577075,0.0017745322196817126,0.0010568802202417515,1667618340,1667621940,2022-11-05T03:19:00Z,2022-11-05T04:19:00Z,15901084,15901383,300
131,131,40,50,44.390770283888884,0.0018442473119341107,0.0036198232131106067,1656990660,1656994260,2022-07-05T03:11:00Z,2022-07-05T04:11:00Z,15080037,15080282,246
132,132,40,50,44.45028617063756,0.0018476951084884785,0.0027391974717927425,1692803640,1692807240,2023-08-23T15:14:00Z,2023-08-23T16:14:00Z,17978233,17978531,299
133,133,40,50,44.752238976250695,0.0018645769451078875,0.00013500304541747,1757944740,1757948340,2025-09-15T13:59:00Z,2025-09-15T14:59:00Z,23368929,23369226,298
134,134,40,50,45.26834439352741,0.0018940452500539884,-0.0012967612057729339,1688015640,1688019240,2023-06-29T05:14:00Z,2023-06-29T06:14:00Z,17582809,17583102,294
135,135,40,50,45.62287273487859,0.0019136514755109246,-0.00017749219442364517,1659198720,1659202320,2022-07-30T16:32:00Z,2022-07-30T17:32:00Z,15244899,15245149,251
136,136,40,50,45.716092107014504,0.0019189393830512103,-0.00023965354834387664,1766872500,1766876100,2025-12-27T21:55:00Z,2025-12-27T22:55:00Z,24106783,24107082,300
137,137,40,50,47.216301268277846,0.00200479876997961,0.007598112144840963,1687291560,1687295160,2023-06-20T20:06:00Z,2023-06-20T21:06:00Z,17523169,17523464,296
138,138,40,50,47.95378486813333,0.0020488935211558923,0.0005207059061040908,1743281880,1743285480,2025-03-29T20:58:00Z,2025-03-29T21:58:00Z,22155098,22155394,297
139,139,40,50,48.09577684394668,0.0020572476795913675,0.0009122753407733164,1703049120,1703052720,2023-12-20T05:12:00Z,2023-12-20T06:12:00Z,18824963,18825257,295
140,140,40,50,48.166653990226465,0.002061614667996814,0.0007773669700332775,1686074160,1686077760,2023-06-06T17:56:00Z,2023-06-06T18:56:00Z,17423020,17423313,294
141,141,40,50,48.38546519366432,0.0020747025806641117,0.0013831350537762965,1668627780,1668631380,2022-11-16T19:43:00Z,2022-11-16T20:43:00Z,15984740,15985037,298
142,142,40,50,48.51571561674051,0.002082536727582962,-0.0007678168884861503,1665233280,1665236880,2022-10-08T12:48:00Z,2022-10-08T13:48:00Z,15703472,15703770,299
143,143,40,50,48.668926242132684,0.0020914604152838523,0.011091823974889836,1713299400,1713303000,2024-04-16T20:30:00Z,2024-04-16T21:30:00Z,19670432,19670728,297
144,144,40,50,48.67277671084406,0.0020916938776122107,0.001834815292408809,1764190980,1764194580,2025-11-26T21:03:00Z,2025-11-26T22:03:00Z,23885468,23885764,297
145,145,40,50,48.91022228137894,0.0021060990421406522,0.0031122293480398966,1727053020,1727056620,2024-09-23T00:57:00Z,2024-09-23T01:57:00Z,20809847,20810143,297
146,146,40,50,49.15769808522371,0.002120880325897412,-0.0018505702602731322,1749523140,1749526740,2025-06-10T02:39:00Z,2025-06-10T03:39:00Z,22671239,22671535,297
147,147,40,50,49.38335456637068,0.002134372265889972,0.0030378704177727034,1740952800,1740956400,2025-03-02T22:00:00Z,2025-03-02T23:00:00Z,21962040,21962337,298
148,148,40,50,49.60877336426385,0.002148535775974847,-3.867856669392822e-06,1743541740,1743545340,2025-04-01T21:09:00Z,2025-04-01T22:09:00Z,22176648,22176947,300
149,149,40,50,49.69766690118081,0.0021541554763736537,-0.0019309269295991749,1693203240,1693206840,2023-08-28T06:14:00Z,2023-08-28T07:14:00Z,18011282,18011581,300
150,150,50,60,50.549095852902596,0.002206625349937874,-0.0016514167070691421,1750286400,1750290000,2025-06-18T22:40:00Z,2025-06-18T23:40:00Z,22734410,22734707,298
151,151,50,60,50.72502899735696,0.0022176070885132626,-0.0007499159778258102,1765790820,1765794420,2025-12-15T09:27:00Z,2025-12-15T10:27:00Z,24017102,24017400,299
152,152,50,60,50.761584681789664,0.0022199054379444805,0.0012004775316354355,1749205200,1749208800,2025-06-06T10:20:00Z,2025-06-06T11:20:00Z,22644920,22645211,292
153,153,50,60,51.5848243996121,0.0022719982301863118,-0.000531312796121175,1697000460,1697004060,2023-10-11T05:01:00Z,2023-10-11T06:01:00Z,18324986,18325283,298
154,154,50,60,52.22580859842939,0.0023133923730345174,0.004260449544852829,1761294300,1761297900,2025-10-24T08:25:00Z,2025-10-24T09:25:00Z,23646119,23646414,296
155,155,50,60,52.25466334543933,0.002315285481663487,0.0027174210997606973,1734510000,1734513600,2024-12-18T08:20:00Z,2024-12-18T09:20:00Z,21428185,21428481,297
156,156,50,60,52.71144302257041,0.002345204221367525,0.0006564835346116737,1666857060,1666860660,2022-10-27T07:51:00Z,2022-10-27T08:51:00Z,15838034,15838333,300
157,157,50,60,52.78721644387823,0.0023500871806534374,-0.0001896747782578201,1728918120,1728921720,2024-10-14T15:02:00Z,2024-10-14T16:02:00Z,20964567,20964865,299
158,158,50,60,53.12035329238844,0.0023723291828675608,-0.002158873201609568,1758469440,1758473040,2025-09-21T15:44:00Z,2025-09-21T16:44:00Z,23412397,23412694,298
159,159,50,60,53.448451255918314,0.0023946837729798,0.0028845604615297393,1667809260,1667812860,2022-11-07T08:21:00Z,2022-11-07T09:21:00Z,15916916,15917213,298
160,160,50,60,53.46584967009564,0.0023959299070338558,0.003101328392224101,1658468460,1658472060,2022-07-22T05:41:00Z,2022-07-22T06:41:00Z,15190601,15190828,228
161,161,50,60,53.77650168279744,0.0024164646518191057,-0.0014007420404289483,1728547320,1728550920,2024-10-10T08:02:00Z,2024-10-10T09:02:00Z,20933884,20934183,300
162,162,50,60,54.21564526249738,0.0024460781985835567,-0.0010420569483089448,1714191000,1714194600,2024-04-27T04:10:00Z,2024-04-27T05:10:00Z,19744201,19744498,298
163,163,50,60,54.77510410526516,0.002483952516500687,0.0012492913983537246,1725016440,1725020040,2024-08-30T11:14:00Z,2024-08-30T12:14:00Z,20641024,20641322,299
164,164,50,60,55.450267155977265,0.002531443061978278,-0.0006824879106072101,1682157240,1682160840,2023-04-22T09:54:00Z,2023-04-22T10:54:00Z,17101118,17101416,299
165,165,50,60,55.67126504534996,0.0025468801138742725,-0.0013978010786637185,1659267960,1659271560,2022-07-31T11:46:00Z,2022-07-31T12:46:00Z,15250045,15250301,257
166,166,50,60,55.803892300964044,0.002556443075231618,0.0029077234703165367,1659425100,1659428700,2022-08-02T07:25:00Z,2022-08-02T08:25:00Z,15261715,15261980,266
167,167,50,60,57.20299100606567,0.002658193722237745,0.002379057166474574,1733177880,1733181480,2024-12-02T22:18:00Z,2024-12-02T23:18:00Z,21317755,21318052,298
168,168,50,60,57.31646099142439,0.002666262071381875,-0.00048780843873141855,1763196660,1763200260,2025-11-15T08:51:00Z,2025-11-15T09:51:00Z,23803512,23803811,300
169,169,50,60,57.62554429465118,0.0026888830115489037,-0.0020462938474046233,1681478520,1681482120,2023-04-14T13:22:00Z,2023-04-14T14:22:00Z,17045676,17045964,289
170,170,50,60,57.829951892909435,0.0027044003429876895,0.0006007413078064072,1762883940,1762887540,2025-11-11T17:59:00Z,2025-11-11T18:59:00Z,23777631,23777929,299
171,171,50,60,57.83608412085718,0.002704874038737426,0.0019057490040219616,1731720180,1731723780,2024-11-16T01:23:00Z,2024-11-16T02:23:00Z,21196944,21197241,298
172,172,50,60,58.37629062006807,0.002745144804088606,-0.0011257240204429753,1690812480,1690816080,2023-07-31T14:08:00Z,2023-07-31T15:08:00Z,17813489,17813784,296
173,173,50,60,58.70248711756765,0.0027702283014070517,-0.0003124041755229179,1665471180,1665474780,2022-10-11T06:53:00Z,2022-10-11T07:53:00Z,15723201,15723499,299
174,174,50,60,58.97929303492994,0.0027915586552664795,0.004960959102034979,1713105720,1713109320,2024-04-14T14:42:00Z,2024-04-14T15:42:00Z,19654439,19654736,298
175,175,50,60,59.2599494210036,0.002813725103417819,-0.001943609001603619,1763462040,1763465640,2025-11-18T10:34:00Z,2025-11-18T11:34:00Z,23825439,23825738,300
176,176,50,60,59.65455115894355,0.002845450560296503,-0.0015848162138183408,1688601960,1688605560,2023-07-06T00:06:00Z,2023-07-06T01:06:00Z,17631135,17631429,295
177,177,50,60,59.694291798977005,0.002848535126402707,-0.00043516860964365467,1746825300,1746828900,2025-05-09T21:15:00Z,2025-05-09T22:15:00Z,22448490,22448784,295
178,178,50,60,59.73079994675895,0.002851314881064493,-0.0007217724220172084,1714899360,1714902960,2024-05-05T08:56:00Z,2024-05-05T09:56:00Z,19802838,19803135,298
179,179,50,60,59.86452054534046,0.002861955547824424,-4.014251622552756e-05,1665167160,1665170760,2022-10-07T18:26:00Z,2022-10-07T19:26:00Z,15697984,15698281,298
180,180,60,70,60.04996101994637,0.002876907691737318,-0.0017991601113267475,1719762360,1719765960,2024-06-30T15:46:00Z,2024-06-30T16:46:00Z,20205486,20205784,299
181,181,60,70,60.1007776996064,0.0028811441115421665,-0.0007807083319748553,1659846300,1659849900,2022-08-07T04:25:00Z,2022-08-07T05:25:00Z,15292964,15293240,277
182,182,60,70,60.136049894468634,0.002883941141425761,-0.0016180388023311343,1649512200,1649515800,2022-04-09T13:50:00Z,2022-04-09T14:50:00Z,14551884,14552139,256
183,183,60,70,60.54039664581392,0.0029166558173768786,-0.0009216089612809064,1682150820,1682154420,2023-04-22T08:07:00Z,2023-04-22T09:07:00Z,17100590,17100884,295
184,184,60,70,61.46260767051397,0.0029920983939447643,-0.001393269572188216,1739127300,1739130900,2025-02-09T18:55:00Z,2025-02-09T19:55:00Z,21810881,21811178,298
185,185,60,70,61.7246296894906,0.0030145458807083747,0.0008434858167896131,1746491460,1746495060,2025-05-06T00:31:00Z,2025-05-06T01:31:00Z,22421120,22421412,293
186,186,60,70,61.829115247856095,0.003023689405571406,-0.0020230000313352647,1714910220,1714913820,2024-05-05T11:57:00Z,2024-05-05T12:57:00Z,19803738,19804035,298
187,187,60,70,62.04369568937651,0.0030423752861815645,-0.001630909714605444,1735771260,1735774860,2025-01-01T22:41:00Z,2025-01-01T23:41:00Z,21532666,21532964,299
188,188,60,70,62.40716092107015,0.0030726472185733655,-0.0021502559736822358,1748668020,1748671620,2025-05-31T05:07:00Z,2025-05-31T06:07:00Z,22600518,22600814,297
189,189,60,70,62.51806392728794,0.0030820584613715507,0.005621503340274225,1765153020,1765156620,2025-12-08T00:17:00Z,2025-12-08T01:17:00Z,23964468,23964765,298
190,190,60,70,63.20435055427735,0.003142027202203801,0.002156009765280409,1721319660,1721323260,2024-07-18T16:21:00Z,2024-07-18T17:21:00Z,20334565,20334864,300
191,191,60,70,63.3008974919663,0.003150951961334081,-0.0011935552946487071,1755378960,1755382560,2025-08-16T21:16:00Z,2025-08-16T22:16:00Z,23156231,23156528,298
192,192,60,70,63.644492403643206,0.003181835119927534,-0.002683990212031251,1666733400,1666737000,2022-10-25T21:30:00Z,2022-10-25T22:30:00Z,15827779,15828075,297
193,193,60,70,63.73091403472076,0.00318961403016349,0.0007502857428165477,1658139120,1658142720,2022-07-18T10:12:00Z,2022-07-18T11:12:00Z,15166011,15166276,266
194,194,60,70,63.76533056986937,0.0031926775150470377,-0.002396456288394355,1703326920,1703330520,2023-12-23T10:22:00Z,2023-12-23T11:22:00Z,18847887,18848185,299
195,195,60,70,63.80497613660132,0.0031963352613540996,-0.0023966801331953835,1752080100,1752083700,2025-07-09T16:55:00Z,2025-07-09T17:55:00Z,22882954,22883252,299
196,196,60,70,64.40141849365861,0.0032516663938901846,0.0006959361031846356,1732410900,1732414500,2024-11-24T01:15:00Z,2024-11-24T02:15:00Z,21254253,21254552,300
197,197,60,70,64.67708353140272,0.003276866554106528,0.00017103533059126264,1688168460,1688172060,2023-06-30T23:41:00Z,2023-07-01T00:41:00Z,17595416,17595712,297
198,198,60,70,64.9453328516286,0.003302184110231643,-0.0021456317795367497,1695051300,1695054900,2023-09-18T15:35:00Z,2023-09-18T16:35:00Z,18163745,18164044,300
199,199,60,70,65.41057405259455,0.003346110421840409,0.0009026753059038217,1750542780,1750546380,2025-06-21T21:53:00Z,2025-06-21T22:53:00Z,22755640,22755936,297
200,200,60,70,65.66646384362343,0.0033707636892087445,-0.0014627955169621565,1669254840,1669258440,2022-11-24T01:54:00Z,2022-11-24T02:54:00Z,16036684,16036983,300
201,201,60,70,66.22178699777528,0.003424997266885721,-0.003043879645788339,1667901240,1667904840,2022-11-08T09:54:00Z,2022-11-08T10:54:00Z,15924545,15924842,298
202,202,60,70,66.79355783308931,0.003480280890906462,-0.0020569111457890976,1741523460,1741527060,2025-03-09T12:31:00Z,2025-03-09T13:31:00Z,22009325,22009623,299
203,203,60,70,67.13677245156016,0.0035147029671387386,0.00036778290276195946,1677769800,1677773400,2023-03-02T15:10:00Z,2023-03-02T16:10:00Z,16741675,16741971,297
204,204,60,70,67.19091669677321,0.003520321398815307,-0.0031585194654005777,1745224320,1745227920,2025-04-21T08:32:00Z,2025-04-21T09:32:00Z,22316200,22316499,300
205,205,60,70,67.53218231256298,0.0035545465039122925,-0.0026840742238373183,1773142080,1773145680,2026-03-10T11:28:00Z,2026-03-10T12:28:00Z,24626770,24627068,299
206,206,60,70,67.58732482744195,0.0035602472068825275,0.003128906679289445,1697125320,1697128920,2023-10-12T15:42:00Z,2023-10-12T16:42:00Z,18335301,18335596,296
207,207,60,70,67.81687931395106,0.0035838004868541384,-0.0022008313361823184,1703636760,1703640360,2023-12-27T00:26:00Z,2023-12-27T01:26:00Z,18873427,18873722,296
208,208,60,70,68.91407275009031,0.0036990142606578846,-0.0023327264851811247,1648050960,1648054560,2022-03-23T15:56:00Z,2022-03-23T16:56:00Z,14443488,14443767,280
209,209,60,70,68.97373124679127,0.0037060453997262988,0.002705742188909177,1647907680,1647911280,2022-03-22T00:08:00Z,2022-03-22T01:08:00Z,14432809,14433084,276
210,210,70,80,70.73215949497063,0.003903570319626959,-0.0034991924477617564,1672618140,1672621740,2023-01-02T00:09:00Z,2023-01-02T01:09:00Z,16315407,16315706,300
211,211,70,80,70.8316061683558,0.0039154593388963654,0.0006196346134519359,1704236880,1704240480,2024-01-02T23:08:00Z,2024-01-03T00:08:00Z,18922865,18923163,299
212,212,70,80,71.55040786446351,0.004001136482751466,-0.002053392621689243,1750106700,1750110300,2025-06-16T20:45:00Z,2025-06-16T21:45:00Z,22719547,22719844,298
213,213,70,80,72.02354014945523,0.0040579493934550515,0.0058097448425162845,1667993820,1667997420,2022-11-09T11:37:00Z,2022-11-09T12:37:00Z,15932217,15932514,298
214,214,70,80,72.06413644920234,0.004062798640441789,-0.0019015052251445397,1664809320,1664812920,2022-10-03T15:02:00Z,2022-10-03T16:02:00Z,15668391,15668688,298
215,215,70,80,72.50166378277652,0.004116667118686412,0.0017899982001394754,1678772100,1678775700,2023-03-14T05:35:00Z,2023-03-14T06:35:00Z,16824146,16824438,293
216,216,70,80,72.77580764769638,0.004151610235729852,0.0003442565615832116,1725904680,1725908280,2024-09-09T17:58:00Z,2024-09-09T18:58:00Z,20714694,20714991,298
217,217,70,80,73.28135992850487,0.00421671737235807,-0.0012840926711116252,1648420380,1648423980,2022-03-27T22:33:00Z,2022-03-27T23:33:00Z,14470936,14471188,253
218,218,70,80,73.45501131372288,0.004239288065567948,-0.00046845745021129037,1662203580,1662207180,2022-09-03T11:13:00Z,2022-09-03T12:13:00Z,15465053,15465315,263
219,219,70,80,73.55502842691716,0.004252646900016366,-0.0026404441627343456,1670297760,1670301360,2022-12-06T03:36:00Z,2022-12-06T04:36:00Z,16123103,16123401,299
220,220,70,80,73.57275959764978,0.004254815991978411,-0.004115868639046338,1745928000,1745931600,2025-04-29T12:00:00Z,2025-04-29T13:00:00Z,22374577,22374873,297
221,221,70,80,74.72229088627331,0.004409493385887586,-0.0016063081501301868,1646982240,1646985840,2022-03-11T07:04:00Z,2022-03-11T08:04:00Z,14364134,14364394,261
222,222,70,80,74.75589929835903,0.004413947171453048,-0.0021477607903244156,1744445220,1744448820,2025-04-12T08:07:00Z,2025-04-12T09:07:00Z,22251578,22251877,300
223,223,70,80,75.24139111254777,0.004481629917470142,0.0026643545918469957,1710786420,1710790020,2024-03-18T18:27:00Z,2024-03-18T19:27:00Z,19463452,19463749,298
224,224,70,80,75.38827936338917,0.004503034158633956,-0.0034640754331208834,1728516360,1728519960,2024-10-09T23:26:00Z,2024-10-10T00:26:00Z,20931313,20931611,299
225,225,70,80,75.55375444467684,0.00452652477705584,-0.002396921215637171,1676685300,1676688900,2023-02-18T01:55:00Z,2023-02-18T02:55:00Z,16652398,16652689,292
226,226,70,80,75.61945009602404,0.004536429820430232,0.0062969420783414165,1740516900,1740520500,2025-02-25T20:55:00Z,2025-02-25T21:55:00Z,21925864,21926161,298
227,227,70,80,75.64031868570667,0.004539486086501787,-0.002779878066483943,1660433040,1660436640,2022-08-13T23:24:00Z,2022-08-14T00:24:00Z,15336296,15336563,268
228,228,70,80,75.72840409956076,0.004552533544407211,-0.0031810332393393814,1768516380,1768519980,2026-01-15T22:33:00Z,2026-01-15T23:33:00Z,24243123,24243422,300
229,229,70,80,75.93590158011827,0.004582916348918942,0.0018502848471109168,1748802240,1748805840,2025-06-01T18:24:00Z,2025-06-01T19:24:00Z,22611614,22611907,294
230,230,70,80,75.93846855925919,0.004583357220040107,-0.0038669968893485507,1673748480,1673752080,2023-01-15T02:08:00Z,2023-01-15T03:08:00Z,16409123,16409422,300
231,231,70,80,76.84955600768191,0.004721421525885061,-0.0009049532964277018,1734070800,1734074400,2024-12-13T06:20:00Z,2024-12-13T07:20:00Z,21391758,21392056,299
232,232,70,80,76.92537696564051,0.0047331161004231515,-7.078853991826506e-05,1710247740,1710251340,2024-03-12T12:49:00Z,2024-03-12T13:49:00Z,19419103,19419400,298
233,233,70,80,77.69718202734308,0.004857350656220061,-0.004330721676749638,1689585660,1689589260,2023-07-17T09:21:00Z,2023-07-17T10:21:00Z,17712048,17712346,299
234,234,70,80,77.74162879580156,0.00486480463770389,-0.0017057129093465129,1688318640,1688322240,2023-07-02T17:24:00Z,2023-07-02T18:24:00Z,17607788,17608083,296
235,235,70,80,78.7348120400829,0.005031905443393381,-0.002794401176633987,1720506060,1720509660,2024-07-09T06:21:00Z,2024-07-09T07:21:00Z,20267113,20267412,300
236,236,70,80,78.88873571523645,0.005058988335747472,0.0021837119768239877,1737281700,1737285300,2025-01-19T10:15:00Z,2025-01-19T11:15:00Z,21657870,21658169,300
237,237,70,80,79.26042478751117,0.005123698577314095,0.0028997625474396216,1676987160,1676990760,2023-02-21T13:46:00Z,2023-02-21T14:46:00Z,16677262,16677559,298
238,238,70,80,79.33363122967808,0.0051363270925184334,-0.0038276740664964226,1654923960,1654927560,2022-06-11T05:06:00Z,2022-06-11T06:06:00Z,14942489,14942702,214
239,239,70,80,79.38435283603658,0.005145548070046413,-0.004438518432110072,1683340380,1683343980,2023-05-06T02:33:00Z,2023-05-06T03:33:00Z,17198615,17198904,290
240,240,80,90,80.36988267954594,0.005328324877029056,-0.0034672154695267743,1703738880,1703742480,2023-12-28T04:48:00Z,2023-12-28T05:48:00Z,18881834,18882126,293
241,241,80,90,80.38756631362781,0.005331695534895542,-0.0020250126991767647,1741230720,1741234320,2025-03-06T03:12:00Z,2025-03-06T04:12:00Z,21985083,21985381,299
242,242,80,90,80.63513719077409,0.0053799598747579225,0.003158085509954889,1681192500,1681196100,2023-04-11T05:55:00Z,2023-04-11T06:55:00Z,17022921,17023216,296
243,243,80,90,81.24046890152307,0.005501874573960452,0.0005115882753918832,1722806700,1722810300,2024-08-04T21:25:00Z,2024-08-04T22:25:00Z,20457865,20458163,299
244,244,80,90,81.31224924416726,0.005516064321998249,-0.0035999935289739993,1724771100,1724774700,2024-08-27T15:05:00Z,2024-08-27T16:05:00Z,20620703,20621001,299
245,245,80,90,81.42234412732216,0.005538794518069379,-0.0011304772797532392,1681743780,1681747380,2023-04-17T15:03:00Z,2023-04-17T16:03:00Z,17067255,17067550,296
246,246,80,90,81.50909851495503,0.0055554906092319944,7.530190298554729e-05,1759633440,1759637040,2025-10-05T03:04:00Z,2025-10-05T04:04:00Z,23508763,23509060,298
247,247,80,90,81.95014356068529,0.005648244699339555,-0.00023346078090591416,1771170300,1771173900,2026-02-15T15:45:00Z,2026-02-15T16:45:00Z,24463185,24463483,299
248,248,80,90,82.34331919910251,0.005731607374203307,-0.0027779469317307237,1661126400,1661130000,2022-08-22T00:00:00Z,2022-08-22T01:00:00Z,15387035,15387299,265
249,249,80,90,83.09083303226788,0.005898677324982393,-0.0028974205776917117,1739422080,1739425680,2025-02-13T04:48:00Z,2025-02-13T05:48:00Z,21835278,21835574,297
250,250,80,90,83.48686086973056,0.005990433306134246,-0.0007548508447730029,1694698020,1694701620,2023-09-14T13:27:00Z,2023-09-14T14:27:00Z,18134801,18135095,295
251,251,80,90,83.69820881899945,0.006041021947371328,-0.003794690075545115,1736275980,1736279580,2025-01-07T18:53:00Z,2025-01-07T19:53:00Z,21574508,21574805,298
252,252,80,90,84.10593067254854,0.006140615919068559,-0.002959515896130638,1710349380,1710352980,2024-03-13T17:03:00Z,2024-03-13T18:03:00Z,19427506,19427798,293
253,253,80,90,84.43597763875948,0.006225013944575419,-0.001236062712691166,1657504440,1657508040,2022-07-11T01:54:00Z,2022-07-11T02:54:00Z,15118512,15118802,291
254,254,80,90,84.46492745907095,0.006233172977236245,-0.006056776596036539,1733643660,1733647260,2024-12-08T07:41:00Z,2024-12-08T08:41:00Z,21356342,21356639,298
255,255,80,90,84.47414956931794,0.006235360058894357,-0.005035721456297715,1660152000,1660155600,2022-08-10T17:20:00Z,2022-08-10T18:20:00Z,15315653,15315922,270
256,256,80,90,85.29030632617747,0.006453010650598334,-0.003229546666609351,1722923760,1722927360,2024-08-06T05:56:00Z,2024-08-06T06:56:00Z,20467577,20467875,299
257,257,80,90,85.90985149550303,0.006627461380597999,0.0015983510997119588,1655345100,1655348700,2022-06-16T02:05:00Z,2022-06-16T03:05:00Z,14970809,14971072,264
258,258,80,90,86.40532600635089,0.006776258178426753,-0.0008554371359704716,1709693340,1709696940,2024-03-06T02:49:00Z,2024-03-06T03:49:00Z,19373252,19373549,298
259,259,80,90,86.8045863360651,0.006899878382034319,-0.0012098175238893782,1770704640,1770708240,2026-02-10T06:24:00Z,2026-02-10T07:24:00Z,24424561,24424859,299
260,260,80,90,87.0601433705387,0.006982127636378066,0.00024096594513167702,1652110020,1652113620,2022-05-09T15:27:00Z,2022-05-09T16:27:00Z,14743152,14743406,255
261,261,80,90,87.80518529786465,0.007234894528260094,0.0046069307294724915,1731566760,1731570360,2024-11-14T06:46:00Z,2024-11-14T07:46:00Z,21184231,21184530,300
262,262,80,90,88.12862466962028,0.007349325321921341,-0.00460259739496971,1716968820,1716972420,2024-05-29T07:47:00Z,2024-05-29T08:47:00Z,19974121,19974420,300
263,263,80,90,88.22075069878876,0.007383156217348974,0.0006330480566114627,1771944720,1771948320,2026-02-24T14:52:00Z,2026-02-24T15:52:00Z,24527477,24527776,300
264,264,80,90,88.49028350858512,0.007486008005091471,-0.002909404608107846,1748654520,1748658120,2025-05-31T01:22:00Z,2025-05-31T02:22:00Z,22599399,22599696,298
265,265,80,90,88.49213743796467,0.007486503115030518,-0.0034289474959831034,1749145260,1749148860,2025-06-05T17:41:00Z,2025-06-05T18:41:00Z,22639961,22640260,300
266,266,80,90,88.50406913730487,0.007490660660309012,-0.006684332926167769,1734195120,1734198720,2024-12-14T16:52:00Z,2024-12-14T17:52:00Z,21402064,21402361,298
267,267,80,90,89.17989770112756,0.007759512696780324,-0.004255781451889318,1707517500,1707521100,2024-02-09T22:25:00Z,2024-02-09T23:25:00Z,19193531,19193826,296
268,268,80,90,89.23061930748607,0.007780027083692631,-0.0017967689289959399,1698128400,1698132000,2023-10-24T06:20:00Z,2023-10-24T07:20:00Z,18418294,18418589,296
269,269,80,90,89.24697191534673,0.007786265063895792,-0.0051559971485207745,1703771580,1703775180,2023-12-28T13:53:00Z,2023-12-28T14:53:00Z,18884526,18884824,299
270,270,90,100,90.53892300964044,0.008366607128811099,-0.007721364272904818,1761776700,1761780300,2025-10-29T22:25:00Z,2025-10-29T23:25:00Z,23686015,23686312,298
271,271,90,100,90.5743853511057,0.008383626279091616,0.019697661204792327,1741111800,1741115400,2025-03-04T18:10:00Z,2025-03-04T19:10:00Z,21975227,21975526,300
272,272,90,100,90.67483029415679,0.008431576479358438,-0.006402086502063087,1723998420,1724002020,2024-08-18T16:27:00Z,2024-08-18T17:27:00Z,20556703,20556999,297
273,273,90,100,91.1103135517484,0.008659125993349615,-0.005658456627135489,1723585440,1723589040,2024-08-13T21:44:00Z,2024-08-13T22:44:00Z,20522469,20522767,299
274,274,90,100,91.20091840809263,0.008708312763452741,0.0041417233129534825,1772458620,1772462220,2026-03-02T13:37:00Z,2026-03-02T14:37:00Z,24570104,24570400,297
275,275,90,100,91.46574508946398,0.008853349487979556,-0.005967030115424987,1761836040,1761839640,2025-10-30T14:54:00Z,2025-10-30T15:54:00Z,23690929,23691222,294
276,276,90,100,91.84195014356068,0.00907422861586793,-0.007185462656721153,1709166420,1709170020,2024-02-29T00:27:00Z,2024-02-29T01:27:00Z,19329600,19329897,298
277,277,90,100,91.98874332110056,0.00916231716383964,-0.008435238426509617,1661151180,1661154780,2022-08-22T06:53:00Z,2022-08-22T07:53:00Z,15388816,15389078,263
278,278,90,100,92.23137038656805,0.009316417031473678,-0.008306027719058084,1752825120,1752828720,2025-07-18T07:52:00Z,2025-07-18T08:52:00Z,22944710,22945008,299
279,279,90,100,92.33043676674716,0.009379136629908635,-0.0031230224536948903,1685983260,1685986860,2023-06-05T16:41:00Z,2023-06-05T17:41:00Z,17415559,17415854,296
280,280,90,100,92.72018976630983,0.009638758478216047,-0.008776702217048404,1743689100,1743692700,2025-04-03T14:05:00Z,2025-04-03T15:05:00Z,22188864,22189163,300
281,281,90,100,92.89155939229146,0.009761601013651311,-0.0031501297438968345,1720095000,1720098600,2024-07-04T12:10:00Z,2024-07-04T13:10:00Z,20233060,20233358,299
282,282,90,100,93.44540891026982,0.010177065942398977,-0.009670175219631982,1763053140,1763056740,2025-11-13T16:59:00Z,2025-11-13T17:59:00Z,23791626,23791923,298
283,283,90,100,93.78320435055427,0.010450770044937885,-0.0017496434561876661,1730855400,1730859000,2024-11-06T01:10:00Z,2024-11-06T02:10:00Z,21125236,21125534,299
284,284,90,100,94.0172272822346,0.010654345250274866,-0.002891454937384297,1659465420,1659469020,2022-08-02T18:37:00Z,2022-08-02T19:37:00Z,15264739,15265024,286
285,285,90,100,94.63330227605485,0.011233597532183448,-0.00421979124672367,1692973980,1692977580,2023-08-25T14:33:00Z,2023-08-25T15:33:00Z,17992328,17992621,294
286,286,90,100,94.70560552185735,0.011307530665305543,-0.011177547136794641,1718096520,1718100120,2024-06-11T09:02:00Z,2024-06-11T10:02:00Z,20067563,20067857,295
287,287,90,100,94.92570021486566,0.011533328818303046,-0.0063935634852431145,1682546220,1682549820,2023-04-26T21:57:00Z,2023-04-26T22:57:00Z,17133213,17133504,292
288,288,90,100,95.39203475879904,0.01205716776826593,-0.0031076555154437857,1661576040,1661579640,2022-08-27T04:54:00Z,2022-08-27T05:54:00Z,15419621,15419876,256
289,289,90,100,96.33848947538553,0.01334825538207296,-0.008225257580850909,1654001400,1654005000,2022-05-31T12:50:00Z,2022-05-31T13:50:00Z,14878790,14879046,257
290,290,90,100,97.45113232302106,0.015559362179644709,0.002424319915411033,1763100060,1763103660,2025-11-14T06:01:00Z,2025-11-14T07:01:00Z,23795505,23795800,296
291,291,90,100,97.62958490996559,0.016061319245767036,-0.008914290296016314,1651819740,1651823340,2022-05-06T06:49:00Z,2022-05-06T07:49:00Z,14722050,14722311,262
292,292,90,100,97.6896236998726,0.01623527858712137,-0.007847373483069742,1763753880,1763757480,2025-11-21T19:38:00Z,2025-11-21T20:38:00Z,23849499,23849798,300
293,293,90,100,98.01520222091233,0.017213288762530476,-0.015071594645409303,1665754980,1665758580,2022-10-14T13:43:00Z,2022-10-14T14:43:00Z,15746721,15747017,297
294,294,90,100,98.35580232359149,0.018424392052883154,-0.018424285764241377,1732606200,1732609800,2024-11-26T07:30:00Z,2024-11-26T08:30:00Z,21270441,21270737,297
295,295,90,100,98.74284573406096,0.020292033179628688,-0.01757746805526783,1653054300,1653057900,2022-05-20T13:45:00Z,2022-05-20T14:45:00Z,14811459,14811690,232
296,296,90,100,98.84913768515526,0.020896806822409353,-0.015673929525002572,1668180300,1668183900,2022-11-11T15:25:00Z,2022-11-11T16:25:00Z,15947653,15947950,298
297,297,90,100,99.02663953908464,0.02217009689588678,-0.018483577353977765,1718069340,1718072940,2024-06-11T01:29:00Z,2024-06-11T02:29:00Z,20065309,20065606,298
298,298,90,100,99.5700309938963,0.029310183374554377,-0.015420208107259414,1655581080,1655584680,2022-06-18T19:38:00Z,2022-06-18T20:38:00Z,14986723,14986992,270
299,299,90,100,99.98925671692875,0.08614058994926321,-0.027769208592701933,1733435700,1733439300,2024-12-05T21:55:00Z,2024-12-05T22:55:00Z,21339113,21339408,296
